{
  "project_info": {
    "project_number": "257512965371",
    "firebase_url": "https://helpinghandfoundation-749d5-default-rtdb.asia-southeast1.firebasedatabase.app",
    "project_id": "helpinghandfoundation-749d5",
    "storage_bucket": "helpinghandfoundation-749d5.firebasestorage.app"
  },
  "client": [
    {
      "client_info": {
        "mobilesdk_app_id": "1:257512965371:android:9af59aac36b39b2ebf9c5e",
        "android_client_info": {
          "package_name": "com.example.helpinghandfoundation"
        }
      },
      "oauth_client": [],
      "api_key": [
        {
          "current_key": "AIzaSyCvEoZGWS9CEm84R-ng-T39h3D8txh3t3M"
        }
      ],
      "services": {
        "appinvite_service": {
          "other_platform_oauth_client": []
        }
      }
    }
  ],
  "configuration_version": "1"
}